iteration,query1,query2,query3,query4,query5,query6,query7
#1,1.5498576099999997,1.688034369999998,1.77387518,1.7640716300000003,4.163441610000001,4.2537567,4.34601855
#2,100,100,100,100,100,100,100
