iteration,query1,query2,query3,query4,query5,query6,query7
#1,271.250724,286.605618,309.924051,308.539815,650.218702,679.603383,698.110961
#2,1,1,1,1,1,1,1
