iteration,query1,query2,query3,query4,query5,query6,query7
#1,283.404946,306.471167,326.553097,332.791167,702.908303,744.341465,754.33326
