iteration,query1,query2,query3,query4,query5,query6,query7
#1,150.70941,157.829014,167.3064,180.071158,418.557868,423.563759,430.240259
#2,1,1,1,1,1,1,1
