iteration,query1,query2,query3,query4,query5,query6,query7
#1,162.914696,175.365852,184.971696,185.130121,455.682452,474.853413,495.254957
#2,1,1,1,1,1,1,1
