iteration,query1,query2,query3,query4,query5,query6,query7
#1,29519.877362,16795.725023,16519.366929,16795.522841,17480.017057,17832.809294,18186.944625
#2,1,1,1,1,1,1,1
