iteration,query1,query2,query3,query4,query5,query6,query7
#1,524.142426,524.607019,608.596478,579.354433,1336.890144,1354.284926,1403.00049
#2,1,1,1,1,1,1,1
