iteration,query1,query2,query3,query4,query5,query6,query7
#1,545.1604,581.275825,675.182739,683.385941,1558.2530809999998,1497.458799,1602.58847
