iteration,query1,query2,query3,query4,query5,query6,query7
#1,861.046308,919.112661,984.784243,1016.6987009999999,2213.213542,2126.290488,2250.087535
