iteration,query1,query2,query3,query4,query5,query6,query7
#1,903.530768,952.102231,1042.601878,1022.852991,2458.854101,2480.201544,2845.911079
#2,1,1,1,1,1,1,1
