iteration,query1,query2,query3,query4,query5,query6,query7
#1,38728.374431,37791.866567,38064.334611,38126.189907,39472.484852999994,39547.805623,39857.090322
#2,1,1,1,1,1,1,1
