iteration,query1,query2,query3,query4,query5,query6,query7
#1,832.843962,862.538234,940.956336,930.603559,2291.206798,2365.332078,2439.780077
