iteration,query1,query2,query3,query4,query5,query6,query7
#1,808.71862,866.786042,892.589884,961.346911,2026.7014049999998,2049.036096,2155.7086339999996
