iteration,query1,query2,query3,query4,query5,query6,query7
#1,424.510103,411.240627,449.548126,443.820516,1278.043646,1279.284593,1327.3432579999999
#2,1,1,1,1,1,1,1
