iteration,query1,query2,query3,query4,query5,query6,query7
#1,41310.447478,41047.849911,41579.668186,41461.963492999996,42966.058121,43162.722171,43014.492393
#2,1,1,1,1,1,1,1
