iteration,query1,query2,query3,query4,query5,query6,query7
#1,391.947951,383.5504,425.343357,422.368696,1048.165009,1122.25251,1089.902294
#2,1,1,1,1,1,1,1
