iteration,query1,query2,query3,query4,query5,query6,query7
#1,175.009771,184.82912,195.711242,210.196597,482.851025,493.356451,501.628762
#2,1,1,1,1,1,1,1
