iteration,query1,query2,query3,query4,query5,query6,query7
#1,299.947898,321.611257,344.258386,361.556872,732.389776,755.359463,781.605781
