iteration,query1,query2,query3,query4,query5,query6,query7
#1,218.570989,197.193032,228.012681,210.705911,555.79048,552.140789,555.140889
