iteration,query1,query2,query3,query4,query5,query6,query7
#1,341.582939,338.673639,382.550771,456.456234,830.319624,831.763717,902.055783
#2,1,1,1,1,1,1,1
