iteration,query1,query2,query3,query4,query5,query6,query7
#1,29241.628744999998,17899.750626,18858.473517,18846.752094,19360.882814,19524.758551000003,19028.293711
