iteration,query1,query2,query3,query4,query5,query6,query7
#1,268.033685,288.280667,316.106003,312.23417,654.405826,679.203202,698.056759
#2,1,1,1,1,1,1,1
