iteration,query1,query2,query3,query4,query5,query6,query7
#1,147.213498,157.288397,168.476977,171.753806,418.158298,423.133501,432.56878
